﻿{
  "manifest_version": 2,
  "name": "__MSG_extensionName__",
  "version": "1.0.2",
  "description": "__MSG_extensionDescription__",
  "default_locale": "en",
  "permissions": [
    "clipboardWrite",
    "activeTab",
    "storage",
    "<all_urls>"
  ],
  "content_scripts": [
    {
      "matches": ["<all_urls>"],
      "js": ["content.js", "exporter.js", "timeline.js", "promptbutton.js"],
      "css": ["styles.css", "timeline.css", "promptbutton.css"],
      "run_at": "document_end"
    }
  ],
  "background": {
    "scripts": ["background.js"],
    "persistent": false
  },
  "browser_action": {
    "default_popup": "popup.html",
    "default_title": "__MSG_extensionName__",
    "default_icon": {
      "16": "icons/icon16.png",
      "48": "icons/icon48.png",
      "128": "icons/icon128.png"
    }
  },
  "icons": {
    "16": "icons/icon16.png",
    "48": "icons/icon48.png",
    "128": "icons/icon128.png"
  },
  "applications": {
    "gecko": {
      "id": "universal-math-copier@heroblast10.github.io",
      "strict_min_version": "58.0"
    }
  }
}
